pessoa,livro
pessoa 1,livro a
pessoa 2,livro a
pessoa 3,livro a
pessoa 4,livro a
pessoa 5,livro a
pessoa 6,livro a
pessoa 7,livro a
pessoa 8,livro a
pessoa 9,livro a
pessoa 10,livro a
pessoa 11,livro a
pessoa 12,livro a
pessoa 13,livro a
pessoa 14,livro a
pessoa 15,livro a
pessoa 16,livro a
pessoa 17,livro a
pessoa 18,livro a
pessoa 19,livro a
pessoa 20,livro a
pessoa 21,livro a
pessoa 22,livro a
pessoa 23,livro a
pessoa 24,livro a
pessoa 25,livro a
pessoa 26,livro a
pessoa 27,livro a
pessoa 28,livro a
pessoa 29,livro a
pessoa 30,livro b
pessoa 31,livro b
pessoa 32,livro b
pessoa 33,livro b
pessoa 34,livro b
pessoa 35,livro b
pessoa 36,livro b
pessoa 37,livro b
pessoa 38,livro b
pessoa 39,livro b
pessoa 40,livro b
pessoa 41,livro b
pessoa 42,livro b
pessoa 43,livro b
pessoa 44,livro b
pessoa 45,livro c
pessoa 46,livro c
pessoa 47,livro c
pessoa 48,livro c
pessoa 49,livro c
pessoa 50,livro c
pessoa 51,livro c
pessoa 52,livro c
pessoa 53,livro c
pessoa 54,livro c
pessoa 55,livro c
pessoa 56,livro c
pessoa 57,livro c
pessoa 58,livro c
pessoa 59,livro c
pessoa 60,livro c
